PRODUCT_ID,PRODUCT_GENDER,PRODUCT_WIDTH,PRODUCT_ID_NARROW,PRODUCT_ID_STANDARD,PRODUCT_ID_WIDE,PRODUCT_ID_EXTRAWIDE
ANA_1011A767-001,Male,Standard,,ANA_1011A767-001,,ANA_1011A833-001
ANA_1011A767-001,Male,Standard,,ANA_1011A767-001,,ANA_1011A833-001
ANA_1011A767-021,Male,Standard,,ANA_1011A767-021,,ANA_1011A833-001
ANA_1011A767-021,Male,Standard,,ANA_1011A767-001,,ANA_1011A833-001
ANA_1011A767-300,Male,Standard,,ANA_1011A767-300,,ANA_1011A833-001
ANA_1011A767-300,Male,Standard,,ANA_1011A767-001,,ANA_1011A833-001
ANA_1011A767-600,Male,Standard,,ANA_1011A767-600,,ANA_1011A833-001
ANA_1011A767-600,Male,Standard,,ANA_1011A767-001,,ANA_1011A833-001
ANA_1011A824-001,Male,Standard,,ANA_1011A824-001,,ANA_1011B395-001
ANA_1011A824-001,Male,Standard,,ANA_1011A824-001,,ANA_1011A826-401
ANA_1011A824-003,Male,Standard,,ANA_1011A824-003,,ANA_1011A826-003
ANA_1011A824-009,Male,Standard,,ANA_1011A824-009,,ANA_1011A826-009
ANA_1011A824-021,Male,Standard,,ANA_1011A824-021,,ANA_1011A826-021
ANA_1011A824-021,Male,Standard,,ANA_1011A824-001,,ANA_1011A826-401
ANA_1011A824-028,Male,Standard,,ANA_1011A824-028,,ANA_1011A826-401
ANA_1011A824-028,Male,Standard,,ANA_1011A824-001,,ANA_1011A826-401
ANA_1011A824-303,Male,Standard,,ANA_1011A824-303,,ANA_1011A826-401
ANA_1011A824-303,Male,Standard,,ANA_1011A824-001,,ANA_1011A826-401
ANA_1011A824-402,Male,Standard,,ANA_1011A824-001,,ANA_1011A826-401
ANA_1011A824-404,Male,Standard,,ANA_1011A824-404,,ANA_1011A826-404
ANA_1011A824-404,Male,Standard,,ANA_1011A824-001,,ANA_1011A826-401
ANA_1011A824-406,Male,Standard,,ANA_1011A824-406,,ANA_1011A826-406
ANA_1011A824-407,Male,Standard,,ANA_1011A824-407,,ANA_1011A826-401
ANA_1011A824-407,Male,Standard,,ANA_1011A824-001,,ANA_1011A826-401
ANA_1011A826-003,Male,Extra Wide,,ANA_1011A824-003,,ANA_1011A826-003
ANA_1011A826-003,Male,Extra Wide,,ANA_1011A824-001,,ANA_1011A826-401
ANA_1011A826-007,Male,Extra Wide,,ANA_1011A824-007,,ANA_1011A826-007
ANA_1011A826-009,Male,Extra Wide,,ANA_1011A824-001,,ANA_1011A826-401
ANA_1011A826-020,Male,Extra Wide,,ANA_1011A824-001,,ANA_1011A826-020
ANA_1011A826-020,Male,Extra Wide,,ANA_1011A824-001,,ANA_1011A826-401
ANA_1011A826-021,Male,Extra Wide,,ANA_1011A824-021,,ANA_1011A826-021
ANA_1011A826-401,Male,Extra Wide,,ANA_1011A824-001,,ANA_1011A826-401
ANA_1011A826-401,Male,Extra Wide,,ANA_1011A824-001,,ANA_1011A826-401
ANA_1011A826-402,Male,Extra Wide,,ANA_1011A824-402,,ANA_1011A826-402
ANA_1011A833-001,Male,Extra Wide,,ANA_1011A767-001,,ANA_1011A833-001
ANA_1011A983-001,Male,Standard,,ANA_1011A983-001,ANA_1011A984-002,ANA_1011A987-020
ANA_1011A983-001,Male,Standard,,ANA_1011A983-401,ANA_1011A984-002,ANA_1011A987-020
ANA_1011A983-003,Male,Standard,,ANA_1011A983-003,ANA_1011A984-002,ANA_1011A987-020
ANA_1011A983-005,Male,Standard,,ANA_1011A983-005,ANA_1011A984-002,ANA_1011A987-020
ANA_1011A983-005,Male,Standard,,ANA_1011A983-401,ANA_1011A984-002,ANA_1011A987-020
ANA_1011A983-006,Male,Standard,,ANA_1011A983-006,ANA_1011A984-002,ANA_1011A987-020
ANA_1011A983-006,Male,Standard,,ANA_1011A983-401,ANA_1011A984-002,ANA_1011A987-020
ANA_1011A983-020,Male,Standard,,ANA_1011A983-020,ANA_1011A984-002,ANA_1011A987-020
ANA_1011A983-020,Male,Standard,,ANA_1011A983-401,ANA_1011A984-002,ANA_1011A987-020
ANA_1011A983-023,Male,Standard,,ANA_1011A983-023,ANA_1011A984-002,ANA_1011A987-020
ANA_1011A983-023,Male,Standard,,ANA_1011A983-401,ANA_1011A984-002,ANA_1011A987-020
ANA_1011A983-401,Male,Standard,,ANA_1011A983-401,ANA_1011A984-002,ANA_1011A987-020
ANA_1011A983-401,Male,Standard,,ANA_1011A983-401,ANA_1011A984-002,ANA_1011A987-020
ANA_1011A984-002,Male,Wide,,ANA_1011A983-002,ANA_1011A984-002,ANA_1011A987-020
ANA_1011A984-002,Male,Wide,,ANA_1011A983-401,ANA_1011A984-002,ANA_1011A987-020
ANA_1011A999-006,Male,Extra Wide,,ANA_1011B001-006,,ANA_1011A999-006
ANA_1011A999-006,Male,Extra Wide,,ANA_1011B001-025,,ANA_1011A999-027
ANA_1011A999-027,Male,Extra Wide,,ANA_1011B001-025,,ANA_1011A999-027
ANA_1011A999-027,Male,Extra Wide,,ANA_1011B001-025,,ANA_1011A999-027
ANA_1011B001-004,Male,Standard,,ANA_1011B001-004,,ANA_1011A999-027
ANA_1011B001-006,Male,Standard,,ANA_1011B001-025,,ANA_1011A999-027
ANA_1011B001-006,Male,Standard,,ANA_1011B001-006,,ANA_1011A999-006
ANA_1011B001-023,Male,Standard,,ANA_1011B001-025,,ANA_1011A999-027
ANA_1011B001-025,Male,Standard,,ANA_1011B001-025,,ANA_1011A999-027
ANA_1011B001-025,Male,Standard,,ANA_1011B001-025,,ANA_1011A999-027
ANA_1011B001-402,Male,Standard,,ANA_1011B001-025,,ANA_1011A999-027
ANA_1011B001-402,Male,Standard,,ANA_1011B001-402,,ANA_1011A999-027
ANA_1011B001-403,Male,Standard,,ANA_1011B001-403,,ANA_1011A999-027
ANA_1011B004-001,Male,Standard,,ANA_1011B004-001,ANA_1011B006-001,ANA_1011B005-001
ANA_1011B004-001,Male,Standard,,ANA_1011B004-020,ANA_1011B006-020,ANA_1011B005-001
ANA_1011B004-002,Male,Standard,,ANA_1011B004-002,ANA_1011B006-020,ANA_1011B005-001
ANA_1011B004-002,Male,Standard,,ANA_1011B004-020,ANA_1011B006-020,ANA_1011B005-001
ANA_1011B004-007,Male,Standard,,ANA_1011B004-007,ANA_1011B006-020,ANA_1011B005-001
ANA_1011B004-007,Male,Standard,,ANA_1011B004-020,ANA_1011B006-020,ANA_1011B005-001
ANA_1011B004-020,Male,Standard,,ANA_1011B004-020,ANA_1011B006-020,ANA_1011B005-020
ANA_1011B004-020,Male,Standard,,ANA_1011B004-020,ANA_1011B006-020,ANA_1011B005-001
ANA_1011B004-021,Male,Standard,,ANA_1011B004-021,ANA_1011B006-020,ANA_1011B005-001
ANA_1011B004-021,Male,Standard,,ANA_1011B004-020,ANA_1011B006-020,ANA_1011B005-001
ANA_1011B004-029,Male,Standard,,ANA_1011B004-029,ANA_1011B006-020,ANA_1011B005-001
ANA_1011B004-029,Male,Standard,,ANA_1011B004-020,ANA_1011B006-020,ANA_1011B005-001
ANA_1011B004-400,Male,Standard,,ANA_1011B004-400,ANA_1011B006-020,ANA_1011B005-001
ANA_1011B004-400,Male,Standard,,ANA_1011B004-020,ANA_1011B006-020,ANA_1011B005-001
ANA_1011B004-404,Male,Standard,,ANA_1011B004-404,ANA_1011B006-020,ANA_1011B005-001
ANA_1011B004-404,Male,Standard,,ANA_1011B004-020,ANA_1011B006-020,ANA_1011B005-001
ANA_1011B004-407,Male,Standard,,ANA_1011B004-407,ANA_1011B006-020,ANA_1011B005-001
ANA_1011B004-407,Male,Standard,,ANA_1011B004-020,ANA_1011B006-020,ANA_1011B005-001
ANA_1011B005-001,Male,Extra Wide,,ANA_1011B004-001,ANA_1011B006-001,ANA_1011B005-001
ANA_1011B005-001,Male,Extra Wide,,ANA_1011B004-020,ANA_1011B006-020,ANA_1011B005-001
ANA_1011B006-020,Male,Wide,,ANA_1011B004-020,ANA_1011B006-020,ANA_1011B005-020
ANA_1011B006-020,Male,Wide,,ANA_1011B004-020,ANA_1011B006-020,ANA_1011B005-001
ANA_1011B011-001,Male,Extra Wide,,ANA_1011B012-001,ANA_1011B014-001,ANA_1011B011-001
ANA_1011B011-001,Male,Extra Wide,,ANA_1011B012-410,ANA_1011B014-001,ANA_1011B011-001
ANA_1011B012-001,Male,Standard,,ANA_1011B012-001,ANA_1011B014-001,ANA_1011B011-001
ANA_1011B012-001,Male,Standard,,ANA_1011B012-410,ANA_1011B014-001,ANA_1011B011-001
ANA_1011B012-002,Male,Standard,,ANA_1011B012-002,ANA_1011B014-001,ANA_1011B011-001
ANA_1011B012-002,Male,Standard,,ANA_1011B012-410,ANA_1011B014-001,ANA_1011B011-001
ANA_1011B012-003,Male,Standard,,ANA_1011B012-003,ANA_1011B014-003,ANA_1011B011-001
ANA_1011B012-016,Male,Standard,,ANA_1011B012-016,ANA_1011B014-001,ANA_1011B011-001
ANA_1011B012-017,Male,Standard,,ANA_1011B012-017,ANA_1011B014-001,ANA_1011B011-001
ANA_1011B012-018,Male,Standard,,ANA_1011B012-018,ANA_1011B014-001,ANA_1011B011-001
ANA_1011B012-018,Male,Standard,,ANA_1011B012-410,ANA_1011B014-001,ANA_1011B011-001
ANA_1011B012-020,Male,Standard,,ANA_1011B012-020,ANA_1011B014-001,ANA_1011B011-001
ANA_1011B012-027,Male,Standard,,ANA_1011B012-027,ANA_1011B014-001,ANA_1011B011-001
ANA_1011B012-030,Male,Standard,,ANA_1011B012-030,ANA_1011B014-001,ANA_1011B011-001
ANA_1011B012-030,Male,Standard,,ANA_1011B012-410,ANA_1011B014-001,ANA_1011B011-001
ANA_1011B012-406,Male,Standard,,ANA_1011B012-406,ANA_1011B014-001,ANA_1011B011-001
ANA_1011B012-408,Male,Standard,,ANA_1011B012-408,ANA_1011B014-001,ANA_1011B011-001
ANA_1011B012-408,Male,Standard,,ANA_1011B012-410,ANA_1011B014-001,ANA_1011B011-001
ANA_1011B012-410,Male,Standard,,ANA_1011B012-410,ANA_1011B014-001,ANA_1011B011-001
ANA_1011B012-410,Male,Standard,,ANA_1011B012-410,ANA_1011B014-001,ANA_1011B011-001
ANA_1011B012-607,Male,Standard,,ANA_1011B012-607,ANA_1011B014-001,ANA_1011B011-001
ANA_1011B012-607,Male,Standard,,ANA_1011B012-410,ANA_1011B014-001,ANA_1011B011-001
ANA_1011B014-001,Male,Wide,,ANA_1011B012-001,ANA_1011B014-001,ANA_1011B011-001
ANA_1011B014-001,Male,Wide,,ANA_1011B012-410,ANA_1011B014-001,ANA_1011B011-001
ANA_1011B014-003,Male,Wide,,ANA_1011B012-003,ANA_1011B014-003,ANA_1011B011-001
ANA_1011B014-003,Male,Wide,,ANA_1011B012-410,ANA_1011B014-001,ANA_1011B011-001
ANA_1011B034-002,Male,Standard,,ANA_1011B034-002,,ANA_1011B041-002
ANA_1011B034-002,Male,Standard,,ANA_1011B034-002,,ANA_1011B041-002
ANA_1011B034-003,Male,Standard,,ANA_1011B034-003,,ANA_1011B041-003
ANA_1011B034-006,Male,Standard,,ANA_1011B034-006,,ANA_1011B041-002
ANA_1011B034-006,Male,Standard,,ANA_1011B034-002,,ANA_1011B041-002
ANA_1011B034-010,Male,Standard,,ANA_1011B034-010,,ANA_1011B041-002
ANA_1011B034-020,Male,Standard,,ANA_1011B034-020,,ANA_1011B041-020
ANA_1011B034-020,Male,Standard,,ANA_1011B034-002,,ANA_1011B041-002
ANA_1011B034-101,Male,Standard,,ANA_1011B034-101,,ANA_1011B041-101
ANA_1011B034-101,Male,Standard,,ANA_1011B034-002,,ANA_1011B041-002
ANA_1011B034-300,Male,Standard,,ANA_1011B034-002,,ANA_1011B041-002
ANA_1011B034-300,Male,Standard,,ANA_1011B034-300,,ANA_1011B041-002
ANA_1011B034-301,Male,Standard,,ANA_1011B034-301,,ANA_1011B041-301
ANA_1011B034-301,Male,Standard,,ANA_1011B034-002,,ANA_1011B041-002
ANA_1011B034-401,Male,Standard,,ANA_1011B034-401,,ANA_1011B041-002
ANA_1011B034-401,Male,Standard,,ANA_1011B034-002,,ANA_1011B041-002
ANA_1011B034-403,Male,Standard,,ANA_1011B034-002,,ANA_1011B041-002
ANA_1011B034-403,Male,Standard,,ANA_1011B034-403,,ANA_1011B041-403
ANA_1011B036-002,Male,Standard,,ANA_1011B036-002,,ANA_1011B037-023
ANA_1011B036-002,Male,Standard,,ANA_1011B036-002,,ANA_1011B037-002
ANA_1011B036-009,Male,Standard,,ANA_1011B036-009,,ANA_1011B037-009
ANA_1011B036-023,Male,Standard,,ANA_1011B036-023,,ANA_1011B037-023
ANA_1011B036-026,Male,Standard,,ANA_1011B036-026,,ANA_1011B037-023
ANA_1011B036-026,Male,Standard,,ANA_1011B036-002,,ANA_1011B037-023
ANA_1011B036-403,Male,Standard,,ANA_1011B036-403,,ANA_1011B037-023
ANA_1011B036-403,Male,Standard,,ANA_1011B036-002,,ANA_1011B037-023
ANA_1011B036-415,Male,Standard,,ANA_1011B036-415,,ANA_1011B037-023
ANA_1011B037-002,Male,Extra Wide,,ANA_1011B036-002,,ANA_1011B037-002
ANA_1011B037-002,Male,Extra Wide,,ANA_1011B036-002,,ANA_1011B037-023
ANA_1011B037-009,Male,Extra Wide,,ANA_1011B036-009,,ANA_1011B037-009
ANA_1011B037-009,Male,Extra Wide,,ANA_1011B036-002,,ANA_1011B037-023
ANA_1011B037-023,Male,Extra Wide,,ANA_1011B036-023,,ANA_1011B037-023
ANA_1011B037-023,Male,Extra Wide,,ANA_1011B036-002,,ANA_1011B037-023
ANA_1011B039-001,Male,Extra Wide,,ANA_1011B040-001,,ANA_1011B039-001
ANA_1011B039-001,Male,Extra Wide,,ANA_1011B040-001,,ANA_1011B039-001
ANA_1011B039-002,Male,Extra Wide,,ANA_1011B040-002,,ANA_1011B039-002
ANA_1011B039-003,Male,Extra Wide,,ANA_1011B040-001,,ANA_1011B039-003
ANA_1011B039-020,Male,Extra Wide,,ANA_1011B040-020,,ANA_1011B039-020
ANA_1011B040-001,Male,Standard,,ANA_1011B040-001,,ANA_1011B039-001
ANA_1011B040-001,Male,Standard,,ANA_1011B040-001,,ANA_1011B039-001
ANA_1011B040-002,Male,Standard,,ANA_1011B040-002,,ANA_1011B039-002
ANA_1011B040-002,Male,Standard,,ANA_1011B040-001,,ANA_1011B039-001
ANA_1011B040-020,Male,Standard,,ANA_1011B040-020,,ANA_1011B039-020
ANA_1011B040-400,Male,Standard,,ANA_1011B040-400,,ANA_1011B039-001
ANA_1011B040-404,Male,Standard,,ANA_1011B040-404,,ANA_1011B039-001
ANA_1011B040-407,Male,Standard,,ANA_1011B040-407,,ANA_1011B039-001
ANA_1011B040-408,Male,Standard,,ANA_1011B040-408,,ANA_1011B039-001
ANA_1011B040-408,Male,Standard,,ANA_1011B040-001,,ANA_1011B039-001
ANA_1011B040-409,Male,Standard,,ANA_1011B040-409,,ANA_1011B039-001
ANA_1011B040-750,Male,Standard,,ANA_1011B040-750,,ANA_1011B039-001
ANA_1011B041-002,Male,Extra Wide,,ANA_1011B034-002,,ANA_1011B041-002
ANA_1011B041-002,Male,Extra Wide,,ANA_1011B034-002,,ANA_1011B041-002
ANA_1011B041-003,Male,Extra Wide,,ANA_1011B034-003,,ANA_1011B041-003
ANA_1011B041-003,Male,Extra Wide,,ANA_1011B034-002,,ANA_1011B041-002
ANA_1011B041-010,Male,Extra Wide,,ANA_1011B034-002,,ANA_1011B041-002
ANA_1011B041-020,Male,Extra Wide,,ANA_1011B034-020,,ANA_1011B041-020
ANA_1011B041-020,Male,Extra Wide,,ANA_1011B034-002,,ANA_1011B041-002
ANA_1011B041-100,Male,Extra Wide,,ANA_1011B034-002,,ANA_1011B041-100
ANA_1011B041-100,Male,Extra Wide,,ANA_1011B034-002,,ANA_1011B041-002
ANA_1011B041-101,Male,Extra Wide,,ANA_1011B034-002,,ANA_1011B041-002
ANA_1011B041-101,Male,Extra Wide,,ANA_1011B034-101,,ANA_1011B041-101
ANA_1011B041-403,Male,Extra Wide,,ANA_1011B034-002,,ANA_1011B041-002
ANA_1011B041-403,Male,Extra Wide,,ANA_1011B034-403,,ANA_1011B041-403
ANA_1011B184-002,Male,Extra Wide,,ANA_1011B185-002,ANA_1011B186-002,ANA_1011B184-002
ANA_1011B184-002,Male,Extra Wide,,ANA_1011B185-001,ANA_1011B186-021,ANA_1011B184-002
ANA_1011B185-001,Male,Standard,,ANA_1011B185-001,ANA_1011B186-001,ANA_1011B184-002
ANA_1011B185-001,Male,Standard,,ANA_1011B185-001,ANA_1011B186-021,ANA_1011B184-002
ANA_1011B185-002,Male,Standard,,ANA_1011B185-002,ANA_1011B186-002,ANA_1011B184-002
ANA_1011B185-002,Male,Standard,,ANA_1011B185-001,ANA_1011B186-021,ANA_1011B184-002
ANA_1011B185-021,Male,Standard,,ANA_1011B185-021,ANA_1011B186-021,ANA_1011B184-002
ANA_1011B185-021,Male,Standard,,ANA_1011B185-001,ANA_1011B186-021,ANA_1011B184-002
ANA_1011B185-100,Male,Standard,,ANA_1011B185-100,ANA_1011B186-021,ANA_1011B184-002
ANA_1011B185-100,Male,Standard,,ANA_1011B185-001,ANA_1011B186-021,ANA_1011B184-002
ANA_1011B185-400,Male,Standard,,ANA_1011B185-400,ANA_1011B186-021,ANA_1011B184-002
ANA_1011B185-400,Male,Standard,,ANA_1011B185-001,ANA_1011B186-021,ANA_1011B184-002
ANA_1011B185-402,Male,Standard,,ANA_1011B185-402,ANA_1011B186-402,ANA_1011B184-002
ANA_1011B185-402,Male,Standard,,ANA_1011B185-001,ANA_1011B186-021,ANA_1011B184-002
ANA_1011B185-404,Male,Standard,,ANA_1011B185-404,ANA_1011B186-021,ANA_1011B184-002
ANA_1011B185-404,Male,Standard,,ANA_1011B185-001,ANA_1011B186-021,ANA_1011B184-002
ANA_1011B185-405,Male,Standard,,ANA_1011B185-405,ANA_1011B186-405,ANA_1011B184-002
ANA_1011B185-405,Male,Standard,,ANA_1011B185-001,ANA_1011B186-021,ANA_1011B184-002
ANA_1011B185-406,Male,Standard,,ANA_1011B185-406,ANA_1011B186-021,ANA_1011B184-002
ANA_1011B185-751,Male,Standard,,ANA_1011B185-751,ANA_1011B186-021,ANA_1011B184-002
ANA_1011B186-002,Male,Wide,,ANA_1011B185-002,ANA_1011B186-002,ANA_1011B184-002
ANA_1011B186-021,Male,Wide,,ANA_1011B185-021,ANA_1011B186-021,ANA_1011B184-002
ANA_1011B186-021,Male,Wide,,ANA_1011B185-001,ANA_1011B186-021,ANA_1011B184-002
ANA_1011B186-405,Male,Wide,,ANA_1011B185-405,ANA_1011B186-405,ANA_1011B184-002
ANA_1011B186-405,Male,Wide,,ANA_1011B185-001,ANA_1011B186-021,ANA_1011B184-002
ANA_1011B188-001,Male,Wide,,ANA_1011B189-001,ANA_1011B188-001,ANA_1011B191-001
ANA_1011B188-001,Male,Wide,,ANA_1011B189-001,ANA_1011B188-021,ANA_1011B191-021
ANA_1011B188-002,Male,Wide,,ANA_1011B189-002,ANA_1011B188-002,ANA_1011B191-002
ANA_1011B188-002,Male,Wide,,ANA_1011B189-001,ANA_1011B188-021,ANA_1011B191-021
ANA_1011B188-003,Male,Wide,,ANA_1011B189-003,ANA_1011B188-003,ANA_1011B191-003
ANA_1011B188-003,Male,Wide,,ANA_1011B189-001,ANA_1011B188-021,ANA_1011B191-021
ANA_1011B188-004,Male,Wide,,ANA_1011B189-004,ANA_1011B188-004,ANA_1011B191-021
ANA_1011B188-004,Male,Wide,,ANA_1011B189-001,ANA_1011B188-021,ANA_1011B191-021
ANA_1011B188-021,Male,Wide,,ANA_1011B189-021,ANA_1011B188-021,ANA_1011B191-021
ANA_1011B188-021,Male,Wide,,ANA_1011B189-001,ANA_1011B188-021,ANA_1011B191-021
ANA_1011B188-402,Male,Wide,,ANA_1011B189-402,ANA_1011B188-402,ANA_1011B191-021
ANA_1011B188-402,Male,Wide,,ANA_1011B189-001,ANA_1011B188-021,ANA_1011B191-021
ANA_1011B189-001,Male,Standard,,ANA_1011B189-001,ANA_1011B188-001,ANA_1011B191-001
ANA_1011B189-001,Male,Standard,,ANA_1011B189-001,ANA_1011B188-021,ANA_1011B191-021
ANA_1011B189-002,Male,Standard,,ANA_1011B189-002,ANA_1011B188-002,ANA_1011B191-002
ANA_1011B189-002,Male,Standard,,ANA_1011B189-001,ANA_1011B188-021,ANA_1011B191-021
ANA_1011B189-003,Male,Standard,,ANA_1011B189-003,ANA_1011B188-003,ANA_1011B191-003
ANA_1011B189-003,Male,Standard,,ANA_1011B189-001,ANA_1011B188-021,ANA_1011B191-021
ANA_1011B189-004,Male,Standard,,ANA_1011B189-004,ANA_1011B188-004,ANA_1011B191-021
ANA_1011B189-004,Male,Standard,,ANA_1011B189-001,ANA_1011B188-021,ANA_1011B191-021
ANA_1011B189-005,Male,Standard,,ANA_1011B189-005,ANA_1011B188-021,ANA_1011B191-005
ANA_1011B189-005,Male,Standard,,ANA_1011B189-001,ANA_1011B188-021,ANA_1011B191-021
ANA_1011B189-020,Male,Standard,,ANA_1011B189-020,ANA_1011B188-021,ANA_1011B191-021
ANA_1011B189-020,Male,Standard,,ANA_1011B189-001,ANA_1011B188-021,ANA_1011B191-021
ANA_1011B189-021,Male,Standard,,ANA_1011B189-021,ANA_1011B188-021,ANA_1011B191-021
ANA_1011B189-021,Male,Standard,,ANA_1011B189-001,ANA_1011B188-021,ANA_1011B191-021
ANA_1011B189-022,Male,Standard,,ANA_1011B189-022,ANA_1011B188-021,ANA_1011B191-021
ANA_1011B189-022,Male,Standard,,ANA_1011B189-001,ANA_1011B188-021,ANA_1011B191-021
ANA_1011B189-300,Male,Standard,,ANA_1011B189-001,ANA_1011B188-021,ANA_1011B191-021
ANA_1011B189-400,Male,Standard,,ANA_1011B189-400,ANA_1011B188-400,ANA_1011B191-021
ANA_1011B189-400,Male,Standard,,ANA_1011B189-001,ANA_1011B188-021,ANA_1011B191-021
ANA_1011B189-401,Male,Standard,,ANA_1011B189-401,ANA_1011B188-021,ANA_1011B191-021
ANA_1011B189-401,Male,Standard,,ANA_1011B189-001,ANA_1011B188-021,ANA_1011B191-021
ANA_1011B189-402,Male,Standard,,ANA_1011B189-402,ANA_1011B188-402,ANA_1011B191-021
ANA_1011B189-402,Male,Standard,,ANA_1011B189-001,ANA_1011B188-021,ANA_1011B191-021
ANA_1011B189-403,Male,Standard,,ANA_1011B189-403,ANA_1011B188-021,ANA_1011B191-021
ANA_1011B189-403,Male,Standard,,ANA_1011B189-001,ANA_1011B188-021,ANA_1011B191-021
ANA_1011B189-600,Male,Standard,,ANA_1011B189-600,ANA_1011B188-021,ANA_1011B191-021
ANA_1011B189-600,Male,Standard,,ANA_1011B189-001,ANA_1011B188-021,ANA_1011B191-021
ANA_1011B189-750,Male,Standard,,ANA_1011B189-750,ANA_1011B188-021,ANA_1011B191-750
ANA_1011B189-750,Male,Standard,,ANA_1011B189-001,ANA_1011B188-021,ANA_1011B191-021
ANA_1011B191-001,Male,Extra Wide,,ANA_1011B189-001,ANA_1011B188-001,ANA_1011B191-001
ANA_1011B191-001,Male,Extra Wide,,ANA_1011B189-001,ANA_1011B188-021,ANA_1011B191-021
ANA_1011B191-002,Male,Extra Wide,,ANA_1011B189-002,ANA_1011B188-002,ANA_1011B191-002
ANA_1011B191-003,Male,Extra Wide,,ANA_1011B189-003,ANA_1011B188-003,ANA_1011B191-003
ANA_1011B191-003,Male,Extra Wide,,ANA_1011B189-001,ANA_1011B188-021,ANA_1011B191-021
ANA_1011B191-005,Male,Extra Wide,,ANA_1011B189-005,ANA_1011B188-021,ANA_1011B191-005
ANA_1011B191-005,Male,Extra Wide,,ANA_1011B189-001,ANA_1011B188-021,ANA_1011B191-021
ANA_1011B191-021,Male,Extra Wide,,ANA_1011B189-021,ANA_1011B188-021,ANA_1011B191-021
ANA_1011B191-021,Male,Extra Wide,,ANA_1011B189-001,ANA_1011B188-021,ANA_1011B191-021
ANA_1011B192-001,Male,Standard,,ANA_1011B192-001,ANA_1011B398-001,
ANA_1011B192-002,Male,Standard,,ANA_1011B192-002,ANA_1011B398-001,
ANA_1011B192-002,Male,Standard,,ANA_1011B192-002,ANA_1011B398-001,
ANA_1011B192-003,Male,Standard,,ANA_1011B192-003,ANA_1011B398-001,
ANA_1011B192-020,Male,Standard,,ANA_1011B192-020,ANA_1011B398-001,
ANA_1011B192-021,Male,Standard,,ANA_1011B192-021,ANA_1011B398-001,
ANA_1011B192-301,Male,Standard,,ANA_1011B192-301,ANA_1011B398-001,
ANA_1011B192-301,Male,Standard,,ANA_1011B192-002,ANA_1011B398-001,
ANA_1011B192-400,Male,Standard,,ANA_1011B192-400,ANA_1011B398-001,
ANA_1011B192-402,Male,Standard,,ANA_1011B192-402,ANA_1011B398-001,
ANA_1011B337-020,Male,Extra Wide,,ANA_1011B338-020,,ANA_1011B337-020
ANA_1011B337-020,Male,Extra Wide,,ANA_1011B338-401,,ANA_1011B337-409
ANA_1011B337-401,Male,Extra Wide,,ANA_1011B338-401,,ANA_1011B337-401
ANA_1011B337-401,Male,Extra Wide,,ANA_1011B338-401,,ANA_1011B337-409
ANA_1011B337-409,Male,Extra Wide,,ANA_1011B338-409,,ANA_1011B337-409
ANA_1011B337-409,Male,Extra Wide,,ANA_1011B338-401,,ANA_1011B337-409
ANA_1011B338-001,Male,Standard,,ANA_1011B338-001,,ANA_1011B337-409
ANA_1011B338-001,Male,Standard,,ANA_1011B338-401,,ANA_1011B337-409
ANA_1011B338-002,Male,Standard,,ANA_1011B338-002,,ANA_1011B337-409
ANA_1011B338-002,Male,Standard,,ANA_1011B338-401,,ANA_1011B337-409
ANA_1011B338-020,Male,Standard,,ANA_1011B338-401,,ANA_1011B337-409
ANA_1011B338-020,Male,Standard,,ANA_1011B338-020,,ANA_1011B337-020
ANA_1011B338-024,Male,Standard,,ANA_1011B338-024,,ANA_1011B337-409
ANA_1011B338-024,Male,Standard,,ANA_1011B338-401,,ANA_1011B337-409
ANA_1011B338-100,Male,Standard,,ANA_1011B451-100,,ANA_1011B337-409
ANA_1011B338-400,Male,Standard,,ANA_1011B338-400,,ANA_1011B337-409
ANA_1011B338-400,Male,Standard,,ANA_1011B338-401,,ANA_1011B337-409
ANA_1011B338-401,Male,Standard,,ANA_1011B338-401,,ANA_1011B337-409
ANA_1011B338-401,Male,Standard,,ANA_1011B338-401,,ANA_1011B337-409
ANA_1011B338-409,Male,Standard,,ANA_1011B338-409,,ANA_1011B337-409
ANA_1011B338-750,Male,Standard,,ANA_1011B338-750,,ANA_1011B337-409
ANA_1011B354-001,Male,Standard,,ANA_1011B354-001,ANA_1011B355-021,ANA_1011B356-002
ANA_1011B354-002,Male,Standard,,ANA_1011B354-002,ANA_1011B355-021,ANA_1011B356-002
ANA_1011B354-002,Male,Standard,,ANA_1011B354-002,ANA_1011B355-021,ANA_1011B356-002
ANA_1011B354-021,Male,Standard,,ANA_1011B354-021,ANA_1011B355-021,ANA_1011B356-002
ANA_1011B354-021,Male,Standard,,ANA_1011B354-002,ANA_1011B355-021,ANA_1011B356-002
ANA_1011B354-101,Male,Standard,,ANA_1011B354-101,ANA_1011B355-021,ANA_1011B356-002
ANA_1011B354-400,Male,Standard,,ANA_1011B354-400,ANA_1011B355-400,ANA_1011B356-002
ANA_1011B354-400,Male,Standard,,ANA_1011B354-002,ANA_1011B355-021,ANA_1011B356-002
ANA_1011B354-402,Male,Standard,,ANA_1011B354-402,ANA_1011B355-021,ANA_1011B356-002
ANA_1011B354-402,Male,Standard,,ANA_1011B354-002,ANA_1011B355-021,ANA_1011B356-002
ANA_1011B355-021,Male,Wide,,ANA_1011B354-021,ANA_1011B355-021,ANA_1011B356-002
ANA_1011B355-021,Male,Wide,,ANA_1011B354-002,ANA_1011B355-021,ANA_1011B356-002
ANA_1011B356-002,Male,Extra Wide,,ANA_1011B354-002,ANA_1011B355-021,ANA_1011B356-002
ANA_1011B356-002,Male,Extra Wide,,ANA_1011B354-002,ANA_1011B355-021,ANA_1011B356-002
ANA_1011B359-001,Male,Standard,,ANA_1011B359-001,ANA_1011B361-001,ANA_1011B363-001
ANA_1011B359-001,Male,Standard,,ANA_1011B359-002,ANA_1011B361-403,ANA_1011B363-400
ANA_1011B359-002,Male,Standard,,ANA_1011B359-002,ANA_1011B361-403,ANA_1011B363-002
ANA_1011B359-002,Male,Standard,,ANA_1011B359-002,ANA_1011B361-403,ANA_1011B363-400
ANA_1011B359-003,Male,Standard,,ANA_1011B359-003,ANA_1011B361-403,ANA_1011B363-400
ANA_1011B359-003,Male,Standard,,ANA_1011B359-002,ANA_1011B361-403,ANA_1011B363-400
ANA_1011B359-021,Male,Standard,,ANA_1011B359-021,ANA_1011B361-403,ANA_1011B363-400
ANA_1011B359-022,Male,Standard,,ANA_1011B359-022,ANA_1011B361-403,ANA_1011B363-400
ANA_1011B359-022,Male,Standard,,ANA_1011B359-002,ANA_1011B361-403,ANA_1011B363-400
ANA_1011B359-100,Male,Standard,,ANA_1011B359-100,ANA_1011B361-403,ANA_1011B363-400
ANA_1011B359-100,Male,Standard,,ANA_1011B359-002,ANA_1011B361-403,ANA_1011B363-400
ANA_1011B359-300,Male,Standard,,ANA_1011B359-300,ANA_1011B361-403,ANA_1011B363-400
ANA_1011B359-300,Male,Standard,,ANA_1011B359-002,ANA_1011B361-403,ANA_1011B363-400
ANA_1011B359-301,Male,Standard,,ANA_1011B359-301,ANA_1011B361-403,ANA_1011B363-400
ANA_1011B359-400,Male,Standard,,ANA_1011B359-002,ANA_1011B361-403,ANA_1011B363-400
ANA_1011B359-400,Male,Standard,,ANA_1011B359-400,ANA_1011B361-400,ANA_1011B363-400
ANA_1011B359-401,Male,Standard,,ANA_1011B359-002,ANA_1011B361-403,ANA_1011B363-400
ANA_1011B359-401,Male,Standard,,ANA_1011B359-401,ANA_1011B361-403,ANA_1011B363-400
ANA_1011B359-402,Male,Standard,,ANA_1011B359-402,ANA_1011B361-403,ANA_1011B363-400
ANA_1011B359-402,Male,Standard,,ANA_1011B359-002,ANA_1011B361-403,ANA_1011B363-400
ANA_1011B359-403,Male,Standard,,ANA_1011B359-403,ANA_1011B361-403,ANA_1011B363-400
ANA_1011B359-403,Male,Standard,,ANA_1011B359-002,ANA_1011B361-403,ANA_1011B363-400
ANA_1011B359-404,Male,Standard,,ANA_1011B359-404,ANA_1011B361-403,ANA_1011B363-400
ANA_1011B359-404,Male,Standard,,ANA_1011B359-002,ANA_1011B361-403,ANA_1011B363-400
ANA_1011B359-405,Male,Standard,,ANA_1011B359-405,ANA_1011B361-403,ANA_1011B363-400
ANA_1011B359-405,Male,Standard,,ANA_1011B359-002,ANA_1011B361-403,ANA_1011B363-400
ANA_1011B359-750,Male,Standard,,ANA_1011B359-750,ANA_1011B361-403,ANA_1011B363-400
ANA_1011B359-750,Male,Standard,,ANA_1011B359-002,ANA_1011B361-403,ANA_1011B363-400
ANA_1011B361-001,Male,Wide,,ANA_1011B359-001,ANA_1011B361-001,ANA_1011B363-001
ANA_1011B361-001,Male,Wide,,ANA_1011B359-002,ANA_1011B361-403,ANA_1011B363-400
ANA_1011B361-020,Male,Wide,,ANA_1011B359-020,ANA_1011B361-020,ANA_1011B363-400
ANA_1011B361-020,Male,Wide,,ANA_1011B359-002,ANA_1011B361-403,ANA_1011B363-400
ANA_1011B361-400,Male,Wide,,ANA_1011B359-400,ANA_1011B361-400,ANA_1011B363-400
ANA_1011B361-400,Male,Wide,,ANA_1011B359-002,ANA_1011B361-403,ANA_1011B363-400
ANA_1011B361-403,Male,Wide,,ANA_1011B359-403,ANA_1011B361-403,ANA_1011B363-400
ANA_1011B361-403,Male,Wide,,ANA_1011B359-002,ANA_1011B361-403,ANA_1011B363-400
ANA_1011B363-001,Male,Extra Wide,,ANA_1011B359-001,ANA_1011B361-001,ANA_1011B363-001
ANA_1011B363-001,Male,Extra Wide,,ANA_1011B359-002,ANA_1011B361-403,ANA_1011B363-400
ANA_1011B363-002,Male,Extra Wide,,ANA_1011B359-002,ANA_1011B361-403,ANA_1011B363-002
ANA_1011B363-002,Male,Extra Wide,,ANA_1011B359-002,ANA_1011B361-403,ANA_1011B363-400
ANA_1011B363-400,Male,Extra Wide,,ANA_1011B359-400,ANA_1011B361-400,ANA_1011B363-400
ANA_1011B363-400,Male,Extra Wide,,ANA_1011B359-002,ANA_1011B361-403,ANA_1011B363-400
ANA_1011B365-020,Male,Wide,,ANA_1011B366-020,ANA_1011B365-020,ANA_1011B367-020
ANA_1011B365-401,Male,Wide,,ANA_1011B366-401,ANA_1011B365-401,ANA_1011B367-020
ANA_1011B365-401,Male,Wide,,ANA_1011B366-024,ANA_1011B365-401,ANA_1011B367-020
ANA_1011B366-001,Male,Standard,,ANA_1011B366-001,ANA_1011B365-401,ANA_1011B367-020
ANA_1011B366-001,Male,Standard,,ANA_1011B366-024,ANA_1011B365-401,ANA_1011B367-020
ANA_1011B366-003,Male,Standard,,ANA_1011B366-003,ANA_1011B365-401,ANA_1011B367-020
ANA_1011B366-003,Male,Standard,,ANA_1011B366-024,ANA_1011B365-401,ANA_1011B367-020
ANA_1011B366-020,Male,Standard,,ANA_1011B366-020,ANA_1011B365-020,ANA_1011B367-020
ANA_1011B366-020,Male,Standard,,ANA_1011B366-024,ANA_1011B365-401,ANA_1011B367-020
ANA_1011B366-021,Male,Standard,,ANA_1011B366-021,ANA_1011B365-401,ANA_1011B367-020
ANA_1011B366-021,Male,Standard,,ANA_1011B366-024,ANA_1011B365-401,ANA_1011B367-020
ANA_1011B366-022,Male,Standard,,ANA_1011B366-022,ANA_1011B365-401,ANA_1011B367-020
ANA_1011B366-022,Male,Standard,,ANA_1011B366-024,ANA_1011B365-401,ANA_1011B367-020
ANA_1011B366-024,Male,Standard,,ANA_1011B366-024,ANA_1011B365-401,ANA_1011B367-020
ANA_1011B366-024,Male,Standard,,ANA_1011B366-024,ANA_1011B365-401,ANA_1011B367-020
ANA_1011B366-100,Male,Standard,,ANA_1011B366-100,ANA_1011B365-401,ANA_1011B367-020
ANA_1011B366-100,Male,Standard,,ANA_1011B366-024,ANA_1011B365-401,ANA_1011B367-020
ANA_1011B366-101,Male,Standard,,ANA_1011B366-101,ANA_1011B365-401,ANA_1011B367-020
ANA_1011B366-101,Male,Standard,,ANA_1011B366-024,ANA_1011B365-401,ANA_1011B367-020
ANA_1011B366-300,Male,Standard,,ANA_1011B366-024,ANA_1011B365-401,ANA_1011B367-020
ANA_1011B366-300,Male,Standard,,ANA_1011B366-300,ANA_1011B365-401,ANA_1011B367-020
ANA_1011B366-400,Male,Standard,,ANA_1011B366-400,ANA_1011B365-401,ANA_1011B367-020
ANA_1011B366-400,Male,Standard,,ANA_1011B366-024,ANA_1011B365-401,ANA_1011B367-020
ANA_1011B366-401,Male,Standard,,ANA_1011B366-401,ANA_1011B365-401,ANA_1011B367-020
ANA_1011B366-750,Male,Standard,,ANA_1011B366-750,ANA_1011B365-401,ANA_1011B367-020
ANA_1011B366-750,Male,Standard,,ANA_1011B366-024,ANA_1011B365-401,ANA_1011B367-020
ANA_1011B367-020,Male,Extra Wide,,ANA_1011B366-020,ANA_1011B365-020,ANA_1011B367-020
ANA_1011B390-020,Male,Standard,,ANA_1011B390-020,ANA_1011B389-020,ANA_1011B041-002
ANA_1011B390-020,Male,Standard,,ANA_1011B034-002,ANA_1011B389-020,ANA_1011B041-002
ANA_1011B391-020,Male,Standard,,ANA_1011B391-020,,ANA_1011B392-020
ANA_1011B391-020,Male,Standard,,ANA_1011B040-001,,ANA_1011B039-001
ANA_1011B392-020,Male,Extra Wide,,ANA_1011B391-020,,ANA_1011B392-020
ANA_1011B392-020,Male,Extra Wide,,ANA_1011B040-001,,ANA_1011B039-001
ANA_1011B395-001,Male,Extra Wide,,ANA_1011A824-001,,ANA_1011B395-001
ANA_1011B395-001,Male,Extra Wide,,ANA_1011A824-001,,ANA_1011A826-401
ANA_1011B395-020,Male,Extra Wide,,ANA_1011B396-020,,ANA_1011B395-020
ANA_1011B395-020,Male,Extra Wide,,ANA_1011A824-001,,ANA_1011A826-401
ANA_1011B396-020,Male,Standard,,ANA_1011B396-020,,ANA_1011B395-020
ANA_1011B398-001,Male,Wide,,ANA_1011B192-001,ANA_1011B398-001,
ANA_1011B426-100,Male,Standard,,ANA_1011B426-100,ANA_1011B188-021,ANA_1011B191-021
ANA_1011B426-100,Male,Standard,,ANA_1011B189-001,ANA_1011B188-021,ANA_1011B191-021
ANA_1011B440-001,Male,Standard,,ANA_1011B440-001,ANA_1011B470-001,ANA_1011B471-001
ANA_1011B440-001,Male,Standard,,ANA_1011B440-101,ANA_1011B470-401,ANA_1011B471-021
ANA_1011B440-002,Male,Standard,,ANA_1011B440-002,ANA_1011B470-002,ANA_1011B471-021
ANA_1011B440-002,Male,Standard,,ANA_1011B440-101,ANA_1011B470-401,ANA_1011B471-021
ANA_1011B440-003,Male,Standard,,ANA_1011B440-101,ANA_1011B470-401,ANA_1011B471-021
ANA_1011B440-003,Male,Standard,,ANA_1011B440-003,ANA_1011B470-401,ANA_1011B471-021
ANA_1011B440-004,Male,Standard,,ANA_1011B440-004,ANA_1011B470-401,ANA_1011B471-021
ANA_1011B440-004,Male,Standard,,ANA_1011B440-101,ANA_1011B470-401,ANA_1011B471-021
ANA_1011B440-020,Male,Standard,,ANA_1011B440-020,ANA_1011B470-401,ANA_1011B471-021
ANA_1011B440-020,Male,Standard,,ANA_1011B440-101,ANA_1011B470-401,ANA_1011B471-021
ANA_1011B440-021,Male,Standard,,ANA_1011B440-021,ANA_1011B470-021,ANA_1011B471-021
ANA_1011B440-021,Male,Standard,,ANA_1011B440-101,ANA_1011B470-401,ANA_1011B471-021
ANA_1011B440-100,Male,Standard,,ANA_1011B440-100,ANA_1011B470-401,ANA_1011B471-021
ANA_1011B440-100,Male,Standard,,ANA_1011B440-101,ANA_1011B470-401,ANA_1011B471-021
ANA_1011B440-101,Male,Standard,,ANA_1011B440-101,ANA_1011B470-401,ANA_1011B471-021
ANA_1011B440-101,Male,Standard,,ANA_1011B440-101,ANA_1011B470-401,ANA_1011B471-021
ANA_1011B440-300,Male,Standard,,ANA_1011B440-300,ANA_1011B470-401,ANA_1011B471-021
ANA_1011B440-400,Male,Standard,,ANA_1011B440-400,ANA_1011B470-401,ANA_1011B471-021
ANA_1011B440-400,Male,Standard,,ANA_1011B440-101,ANA_1011B470-401,ANA_1011B471-021
ANA_1011B440-401,Male,Standard,,ANA_1011B440-401,ANA_1011B470-401,ANA_1011B471-401
ANA_1011B440-401,Male,Standard,,ANA_1011B440-101,ANA_1011B470-401,ANA_1011B471-021
ANA_1011B440-800,Male,Standard,,ANA_1011B440-800,ANA_1011B470-401,ANA_1011B471-021
ANA_1011B440-800,Male,Standard,,ANA_1011B440-101,ANA_1011B470-401,ANA_1011B471-021
ANA_1011B445-400,Male,Standard,,ANA_1011B445-400,ANA_1011B398-001,
ANA_1011B451-100,Male,Standard,,ANA_1011B451-100,,ANA_1011B337-409
ANA_1011B451-100,Male,Standard,,ANA_1011B338-401,,ANA_1011B337-409
ANA_1011B454-100,Male,Standard,,ANA_1011B359-100,ANA_1011B361-403,ANA_1011B363-400
ANA_1011B470-001,Male,Wide,,ANA_1011B440-001,ANA_1011B470-001,ANA_1011B471-001
ANA_1011B470-001,Male,Wide,,ANA_1011B440-101,ANA_1011B470-401,ANA_1011B471-021
ANA_1011B470-002,Male,Wide,,ANA_1011B440-002,ANA_1011B470-002,ANA_1011B471-021
ANA_1011B470-002,Male,Wide,,ANA_1011B440-101,ANA_1011B470-401,ANA_1011B471-021
ANA_1011B470-021,Male,Wide,,ANA_1011B440-021,ANA_1011B470-021,ANA_1011B471-021
ANA_1011B470-401,Male,Wide,,ANA_1011B440-401,ANA_1011B470-401,ANA_1011B471-401
ANA_1011B470-401,Male,Wide,,ANA_1011B440-101,ANA_1011B470-401,ANA_1011B471-021
ANA_1011B471-001,Male,Extra Wide,,ANA_1011B440-001,ANA_1011B470-001,ANA_1011B471-001
ANA_1011B471-001,Male,Extra Wide,,ANA_1011B440-101,ANA_1011B470-401,ANA_1011B471-021
ANA_1011B471-021,Male,Extra Wide,,ANA_1011B440-021,ANA_1011B470-021,ANA_1011B471-021
ANA_1011B471-021,Male,Extra Wide,,ANA_1011B440-101,ANA_1011B470-401,ANA_1011B471-021
ANA_1011B471-401,Male,Extra Wide,,ANA_1011B440-401,ANA_1011B470-401,ANA_1011B471-401
ANA_1011B471-401,Male,Extra Wide,,ANA_1011B440-101,ANA_1011B470-401,ANA_1011B471-021
ANA_1012A570-001,Female,Standard,,ANA_1012A570-001,ANA_1012A571-003,
ANA_1012A570-001,Female,Standard,,ANA_1012A570-022,ANA_1012A571-003,
ANA_1012A570-002,Female,Standard,,ANA_1012A570-002,ANA_1012A571-002,
ANA_1012A570-002,Female,Standard,,ANA_1012A570-022,ANA_1012A571-003,
ANA_1012A570-003,Female,Standard,,ANA_1012A570-003,ANA_1012A571-003,
ANA_1012A570-003,Female,Standard,,ANA_1012A570-022,ANA_1012A571-003,
ANA_1012A570-020,Female,Standard,,ANA_1012A570-020,ANA_1012A571-020,
ANA_1012A570-022,Female,Standard,,ANA_1012A570-022,ANA_1012A571-003,
ANA_1012A570-022,Female,Standard,,ANA_1012A570-022,ANA_1012A571-003,
ANA_1012A570-023,Female,Standard,,ANA_1012A570-023,ANA_1012A571-003,
ANA_1012A570-023,Female,Standard,,ANA_1012A570-022,ANA_1012A571-003,
ANA_1012A570-400,Female,Standard,,ANA_1012A570-022,ANA_1012A571-003,
ANA_1012A570-400,Female,Standard,,ANA_1012A570-400,ANA_1012A571-400,
ANA_1012A570-401,Female,Standard,,ANA_1012A570-401,ANA_1012A571-003,
ANA_1012A570-401,Female,Standard,,ANA_1012A570-022,ANA_1012A571-003,
ANA_1012A571-002,Female,Wide,,ANA_1012A570-002,ANA_1012A571-002,
ANA_1012A571-002,Female,Wide,,ANA_1012A570-022,ANA_1012A571-003,
ANA_1012A571-003,Female,Wide,,ANA_1012A570-003,ANA_1012A571-003,
ANA_1012A571-003,Female,Wide,,ANA_1012A570-022,ANA_1012A571-003,
ANA_1012A571-020,Female,Wide,,ANA_1012A570-020,ANA_1012A571-020,
ANA_1012A571-020,Female,Wide,,ANA_1012A570-022,ANA_1012A571-003,
ANA_1012A649-001,Female,Standard,,ANA_1012A649-400,ANA_1012A713-020,
ANA_1012A649-001,Female,Standard,,ANA_1012A649-001,ANA_1012A713-020,
ANA_1012A649-020,Female,Standard,,ANA_1012A649-400,ANA_1012A713-020,
ANA_1012A649-020,Female,Standard,,ANA_1012A649-020,ANA_1012A713-020,
ANA_1012A649-100,Female,Standard,,ANA_1012A649-100,ANA_1012A713-020,
ANA_1012A649-300,Female,Standard,,ANA_1012A649-300,ANA_1012A713-020,
ANA_1012A649-400,Female,Standard,,ANA_1012A649-400,ANA_1012A713-020,
ANA_1012A649-400,Female,Standard,,ANA_1012A649-400,ANA_1012A713-020,
ANA_1012A706-001,Female,Wide,,ANA_1012A708-001,ANA_1012A706-001,
ANA_1012A706-002,Female,Wide,,ANA_1012A708-002,ANA_1012A706-002,
ANA_1012A706-008,Female,Wide,,ANA_1012A708-408,ANA_1012A706-022,
ANA_1012A706-021,Female,Wide,,ANA_1012A708-408,ANA_1012A706-021,
ANA_1012A706-022,Female,Wide,,ANA_1012A708-022,ANA_1012A706-022,
ANA_1012A706-022,Female,Wide,,ANA_1012A708-408,ANA_1012A706-022,
ANA_1012A708-001,Female,Standard,,ANA_1012A708-001,ANA_1012A706-001,
ANA_1012A708-001,Female,Standard,,ANA_1012A708-408,ANA_1012A706-022,
ANA_1012A708-002,Female,Standard,,ANA_1012A708-002,ANA_1012A706-002,
ANA_1012A708-008,Female,Standard,,ANA_1012A708-008,ANA_1012A706-008,
ANA_1012A708-008,Female,Standard,,ANA_1012A708-408,ANA_1012A706-022,
ANA_1012A708-021,Female,Standard,,ANA_1012A708-021,ANA_1012A706-022,
ANA_1012A708-021,Female,Standard,,ANA_1012A708-408,ANA_1012A706-022,
ANA_1012A708-404,Female,Standard,,ANA_1012A708-408,ANA_1012A706-022,
ANA_1012A708-404,Female,Standard,,ANA_1012A708-404,ANA_1012A706-022,
ANA_1012A708-408,Female,Standard,,ANA_1012A708-408,ANA_1012A706-022,
ANA_1012A708-503,Female,Standard,,ANA_1012A708-503,ANA_1012A706-503,
ANA_1012A713-020,Female,Wide,,ANA_1012A649-020,ANA_1012A713-020,
ANA_1012A713-020,Female,Wide,,ANA_1012A649-400,ANA_1012A713-020,
ANA_1012A859-001,Female,Standard,ANA_1012A863-400,ANA_1012A859-001,ANA_1012A861-002,
ANA_1012A859-001,Female,Standard,ANA_1012A863-400,ANA_1012A859-023,ANA_1012A861-002,
ANA_1012A859-002,Female,Standard,ANA_1012A863-400,ANA_1012A859-002,ANA_1012A861-002,
ANA_1012A859-002,Female,Standard,ANA_1012A863-400,ANA_1012A859-023,ANA_1012A861-002,
ANA_1012A859-023,Female,Standard,ANA_1012A863-400,ANA_1012A859-023,ANA_1012A861-002,
ANA_1012A859-023,Female,Standard,ANA_1012A863-400,ANA_1012A859-023,ANA_1012A861-002,
ANA_1012A861-002,Female,Wide,ANA_1012A863-400,ANA_1012A859-002,ANA_1012A861-002,
ANA_1012A861-004,Female,Wide,ANA_1012A863-400,ANA_1012A859-023,ANA_1012A861-004,
ANA_1012A861-400,Female,Wide,ANA_1012A863-400,ANA_1012A859-400,ANA_1012A861-400,
ANA_1012A861-400,Female,Wide,ANA_1012A863-400,ANA_1012A859-023,ANA_1012A861-002,
ANA_1012A869-001,Female,Standard,,ANA_1012A869-001,ANA_1012A706-022,
ANA_1012A869-001,Female,Standard,,ANA_1012A708-408,ANA_1012A706-022,
ANA_1012A869-020,Female,Standard,,ANA_1012A869-020,ANA_1012A706-022,
ANA_1012A869-029,Female,Standard,,ANA_1012A869-029,ANA_1012A706-022,
ANA_1012A869-205,Female,Standard,,ANA_1012A869-205,ANA_1012A706-022,
ANA_1012A869-205,Female,Standard,,ANA_1012A708-408,ANA_1012A706-022,
ANA_1012A878-004,Female,Standard,,ANA_1012A878-004,ANA_1012A879-004,
ANA_1012A878-004,Female,Standard,,ANA_1012A878-006,ANA_1012A879-407,
ANA_1012A878-005,Female,Standard,,ANA_1012A878-005,ANA_1012A879-407,
ANA_1012A878-006,Female,Standard,,ANA_1012A878-006,ANA_1012A879-407,
ANA_1012A878-006,Female,Standard,,ANA_1012A878-006,ANA_1012A879-006,
ANA_1012A878-021,Female,Standard,,ANA_1012A878-021,ANA_1012A879-407,
ANA_1012A878-021,Female,Standard,,ANA_1012A878-006,ANA_1012A879-407,
ANA_1012A878-407,Female,Standard,,ANA_1012A878-006,ANA_1012A879-407,
ANA_1012A878-407,Female,Standard,,ANA_1012A878-407,ANA_1012A879-407,
ANA_1012A878-408,Female,Standard,,ANA_1012A878-408,ANA_1012A879-408,
ANA_1012A878-408,Female,Standard,,ANA_1012A878-006,ANA_1012A879-407,
ANA_1012A878-701,Female,Standard,,ANA_1012A878-701,ANA_1012A879-407,
ANA_1012A879-004,Female,Wide,,ANA_1012A878-004,ANA_1012A879-004,
ANA_1012A879-004,Female,Wide,,ANA_1012A878-006,ANA_1012A879-407,
ANA_1012A879-006,Female,Wide,,ANA_1012A878-006,ANA_1012A879-006,
ANA_1012A879-006,Female,Wide,,ANA_1012A878-006,ANA_1012A879-407,
ANA_1012A879-407,Female,Wide,,ANA_1012A878-407,ANA_1012A879-407,
ANA_1012A884-001,Female,Wide,,ANA_1012A885-001,ANA_1012A884-001,
ANA_1012A884-001,Female,Wide,,ANA_1012A885-402,ANA_1012A884-402,
ANA_1012A884-002,Female,Wide,,ANA_1012A885-002,ANA_1012A884-002,
ANA_1012A884-002,Female,Wide,,ANA_1012A885-402,ANA_1012A884-402,
ANA_1012A884-402,Female,Wide,,ANA_1012A885-402,ANA_1012A884-402,
ANA_1012A884-402,Female,Wide,,ANA_1012A885-402,ANA_1012A884-402,
ANA_1012A885-001,Female,Standard,,ANA_1012A885-001,ANA_1012A884-001,
ANA_1012A885-001,Female,Standard,,ANA_1012A885-402,ANA_1012A884-402,
ANA_1012A885-002,Female,Standard,,ANA_1012A885-002,ANA_1012A884-002,
ANA_1012A885-002,Female,Standard,,ANA_1012A885-402,ANA_1012A884-402,
ANA_1012A885-003,Female,Standard,,ANA_1012A885-003,ANA_1012A884-402,
ANA_1012A885-003,Female,Standard,,ANA_1012A885-402,ANA_1012A884-402,
ANA_1012A885-004,Female,Standard,,ANA_1012A885-004,ANA_1012A884-402,
ANA_1012A885-004,Female,Standard,,ANA_1012A885-402,ANA_1012A884-402,
ANA_1012A885-100,Female,Standard,,ANA_1012A885-402,ANA_1012A884-402,
ANA_1012A885-100,Female,Standard,,ANA_1012A885-100,ANA_1012A884-402,
ANA_1012A885-400,Female,Standard,,ANA_1012A885-400,ANA_1012A884-402,
ANA_1012A885-400,Female,Standard,,ANA_1012A885-402,ANA_1012A884-402,
ANA_1012A885-402,Female,Standard,,ANA_1012A885-402,ANA_1012A884-402,
ANA_1012A885-402,Female,Standard,,ANA_1012A885-402,ANA_1012A884-402,
ANA_1012A885-412,Female,Standard,,ANA_1012A885-412,ANA_1012A884-402,
ANA_1012A885-413,Female,Standard,,ANA_1012A885-413,ANA_1012A884-402,
ANA_1012A885-413,Female,Standard,,ANA_1012A885-402,ANA_1012A884-402,
ANA_1012A885-700,Female,Standard,,ANA_1012A885-700,ANA_1012A884-402,
ANA_1012A885-700,Female,Standard,,ANA_1012A885-402,ANA_1012A884-402,
ANA_1012A885-708,Female,Standard,,ANA_1012A885-708,ANA_1012A884-402,
ANA_1012A885-708,Female,Standard,,ANA_1012A885-402,ANA_1012A884-402,
ANA_1012A888-001,Female,Standard,,ANA_1012A888-001,ANA_1012A889-001,
ANA_1012A888-001,Female,Standard,,ANA_1012A888-100,ANA_1012A889-003,
ANA_1012A888-002,Female,Standard,,ANA_1012A888-002,ANA_1012A889-003,
ANA_1012A888-002,Female,Standard,,ANA_1012A888-100,ANA_1012A889-003,
ANA_1012A888-003,Female,Standard,,ANA_1012A888-002,ANA_1012A889-003,
ANA_1012A888-003,Female,Standard,,ANA_1012A888-100,ANA_1012A889-003,
ANA_1012A888-018,Female,Standard,,ANA_1012A888-018,ANA_1012A889-003,
ANA_1012A888-019,Female,Standard,,ANA_1012A888-019,ANA_1012A889-003,
ANA_1012A888-019,Female,Standard,,ANA_1012A888-100,ANA_1012A889-003,
ANA_1012A888-020,Female,Standard,,ANA_1012A888-020,ANA_1012A889-003,
ANA_1012A888-020,Female,Standard,,ANA_1012A888-100,ANA_1012A889-003,
ANA_1012A888-021,Female,Standard,,ANA_1012A888-021,ANA_1012A889-003,
ANA_1012A888-021,Female,Standard,,ANA_1012A888-100,ANA_1012A889-003,
ANA_1012A888-100,Female,Standard,,ANA_1012A888-100,ANA_1012A889-003,
ANA_1012A888-100,Female,Standard,,ANA_1012A888-100,ANA_1012A889-003,
ANA_1012A888-103,Female,Standard,,ANA_1012A888-103,ANA_1012A889-003,
ANA_1012A888-417,Female,Standard,,ANA_1012A888-417,ANA_1012A889-003,
ANA_1012A888-417,Female,Standard,,ANA_1012A888-100,ANA_1012A889-003,
ANA_1012A888-419,Female,Standard,,ANA_1012A888-419,ANA_1012A889-003,
ANA_1012A888-419,Female,Standard,,ANA_1012A888-100,ANA_1012A889-003,
ANA_1012A888-502,Female,Standard,,ANA_1012A888-502,ANA_1012A889-003,
ANA_1012A888-502,Female,Standard,,ANA_1012A888-100,ANA_1012A889-003,
ANA_1012A888-707,Female,Standard,,ANA_1012A888-707,ANA_1012A889-003,
ANA_1012A888-707,Female,Standard,,ANA_1012A888-100,ANA_1012A889-003,
ANA_1012A889-001,Female,Wide,,ANA_1012A888-001,ANA_1012A889-001,
ANA_1012A889-003,Female,Wide,,ANA_1012A888-002,ANA_1012A889-003,
ANA_1012A908-002,Female,Standard,,ANA_1012A908-101,ANA_1012A909-101,
ANA_1012A908-002,Female,Standard,,ANA_1012A908-002,ANA_1012A909-002,
ANA_1012A908-003,Female,Standard,,ANA_1012A908-003,ANA_1012A909-003,
ANA_1012A908-003,Female,Standard,,ANA_1012A908-101,ANA_1012A909-101,
ANA_1012A908-004,Female,Standard,,ANA_1012A908-004,ANA_1012A909-004,
ANA_1012A908-012,Female,Standard,,ANA_1012A908-012,ANA_1012A909-012,
ANA_1012A908-020,Female,Standard,,ANA_1012A908-020,ANA_1012A909-020,
ANA_1012A908-020,Female,Standard,,ANA_1012A908-101,ANA_1012A909-101,
ANA_1012A908-101,Female,Standard,,ANA_1012A908-101,ANA_1012A909-101,
ANA_1012A908-101,Female,Standard,,ANA_1012A908-101,ANA_1012A909-101,
ANA_1012A908-400,Female,Standard,,ANA_1012A908-400,ANA_1012A909-101,
ANA_1012A908-411,Female,Standard,,ANA_1012A908-411,ANA_1012A909-101,
ANA_1012A908-706,Female,Standard,,ANA_1012A908-706,ANA_1012A909-706,
ANA_1012A908-706,Female,Standard,,ANA_1012A908-101,ANA_1012A909-101,
ANA_1012A908-708,Female,Standard,,ANA_1012A908-708,ANA_1012A909-101,
ANA_1012A908-708,Female,Standard,,ANA_1012A908-101,ANA_1012A909-101,
ANA_1012A909-002,Female,Wide,,ANA_1012A908-002,ANA_1012A909-002,
ANA_1012A909-004,Female,Wide,,ANA_1012A908-004,ANA_1012A909-004,
ANA_1012A909-101,Female,Wide,,ANA_1012A908-101,ANA_1012A909-101,
ANA_1012A909-101,Female,Wide,,ANA_1012A908-101,ANA_1012A909-101,
ANA_1012A909-706,Female,Wide,,ANA_1012A908-706,ANA_1012A909-706,
ANA_1012A909-706,Female,Wide,,ANA_1012A908-101,ANA_1012A909-101,
ANA_1012A910-001,Female,Wide,,ANA_1012A911-001,ANA_1012A910-001,
ANA_1012A910-001,Female,Wide,,ANA_1012A911-407,ANA_1012A910-022,
ANA_1012A910-005,Female,Wide,,ANA_1012A911-005,ANA_1012A910-005,
ANA_1012A910-005,Female,Wide,,ANA_1012A911-407,ANA_1012A910-022,
ANA_1012A910-022,Female,Wide,,ANA_1012A911-022,ANA_1012A910-022,
ANA_1012A910-022,Female,Wide,,ANA_1012A911-407,ANA_1012A910-022,
ANA_1012A910-406,Female,Wide,,ANA_1012A911-406,ANA_1012A910-406,
ANA_1012A910-704,Female,Wide,,ANA_1012A911-704,ANA_1012A910-704,
ANA_1012A911-001,Female,Standard,,ANA_1012A911-001,ANA_1012A910-001,
ANA_1012A911-001,Female,Standard,,ANA_1012A911-407,ANA_1012A910-022,
ANA_1012A911-005,Female,Standard,,ANA_1012A911-005,ANA_1012A910-005,
ANA_1012A911-005,Female,Standard,,ANA_1012A911-407,ANA_1012A910-022,
ANA_1012A911-022,Female,Standard,,ANA_1012A911-022,ANA_1012A910-022,
ANA_1012A911-022,Female,Standard,,ANA_1012A911-407,ANA_1012A910-022,
ANA_1012A911-023,Female,Standard,,ANA_1012A911-023,ANA_1012A910-022,
ANA_1012A911-023,Female,Standard,,ANA_1012A911-407,ANA_1012A910-022,
ANA_1012A911-025,Female,Standard,,ANA_1012A911-025,ANA_1012A910-022,
ANA_1012A911-027,Female,Standard,,ANA_1012A911-027,ANA_1012A910-022,
ANA_1012A911-027,Female,Standard,,ANA_1012A911-407,ANA_1012A910-022,
ANA_1012A911-406,Female,Standard,,ANA_1012A911-406,ANA_1012A910-406,
ANA_1012A911-407,Female,Standard,,ANA_1012A911-407,ANA_1012A910-022,
ANA_1012A911-407,Female,Standard,,ANA_1012A911-407,ANA_1012A910-022,
ANA_1012A911-410,Female,Standard,,ANA_1012A911-410,ANA_1012A910-022,
ANA_1012A911-500,Female,Standard,,ANA_1012A911-500,ANA_1012A910-022,
ANA_1012A911-500,Female,Standard,,ANA_1012A911-407,ANA_1012A910-022,
ANA_1012A911-704,Female,Standard,,ANA_1012A911-704,ANA_1012A910-704,
ANA_1012A911-704,Female,Standard,,ANA_1012A911-407,ANA_1012A910-022,
ANA_1012A915-403,Female,Wide,,ANA_1012A916-403,ANA_1012A915-403,
ANA_1012A915-403,Female,Wide,,ANA_1012B085-101,ANA_1012A915-403,
ANA_1012A915-409,Female,Wide,,ANA_1012A916-409,ANA_1012A915-409,
ANA_1012A915-409,Female,Wide,,ANA_1012B085-101,ANA_1012A915-403,
ANA_1012A916-001,Female,Standard,,ANA_1012B085-101,ANA_1012A915-403,
ANA_1012A916-001,Female,Standard,,ANA_1012A916-001,ANA_1012A915-403,
ANA_1012A916-002,Female,Standard,,ANA_1012A916-002,ANA_1012A915-002,
ANA_1012A916-002,Female,Standard,,ANA_1012B085-101,ANA_1012A915-403,
ANA_1012A916-021,Female,Standard,,ANA_1012A916-021,ANA_1012A915-403,
ANA_1012A916-021,Female,Standard,,ANA_1012B085-101,ANA_1012A915-403,
ANA_1012A916-100,Female,Standard,,ANA_1012A916-100,ANA_1012A915-403,
ANA_1012A916-100,Female,Standard,,ANA_1012B085-101,ANA_1012A915-403,
ANA_1012A916-403,Female,Standard,,ANA_1012A916-403,ANA_1012A915-403,
ANA_1012A916-403,Female,Standard,,ANA_1012B085-101,ANA_1012A915-403,
ANA_1012A916-702,Female,Standard,,ANA_1012A916-702,ANA_1012A915-403,
ANA_1012A916-705,Female,Standard,,ANA_1012A916-705,ANA_1012A915-403,
ANA_1012A916-705,Female,Standard,,ANA_1012B085-101,ANA_1012A915-403,
ANA_1012B042-020,Female,Narrow,ANA_1012B042-020,ANA_1012B045-020,ANA_1012B043-402,
ANA_1012B042-020,Female,Narrow,ANA_1012B042-020,ANA_1012B045-020,ANA_1012B044-402,
ANA_1012B042-020,Female,Narrow,ANA_1012B042-020,ANA_1012B045-405,ANA_1012B043-402,
ANA_1012B042-020,Female,Narrow,ANA_1012B042-020,ANA_1012B045-405,ANA_1012B044-402,
ANA_1012B044-402,Female,Wide,ANA_1012B042-020,ANA_1012B045-402,ANA_1012B044-402,
ANA_1012B044-402,Female,Wide,ANA_1012B042-020,ANA_1012B045-402,ANA_1012B043-402,
ANA_1012B045-001,Female,Standard,ANA_1012B042-020,ANA_1012B045-001,ANA_1012B044-001,
ANA_1012B045-001,Female,Standard,ANA_1012B042-020,ANA_1012B045-405,ANA_1012B043-402,
ANA_1012B045-001,Female,Standard,ANA_1012B042-020,ANA_1012B045-405,ANA_1012B044-402,
ANA_1012B045-002,Female,Standard,ANA_1012B042-020,ANA_1012B045-002,ANA_1012B044-002,
ANA_1012B045-002,Female,Standard,ANA_1012B042-020,ANA_1012B045-405,ANA_1012B044-402,
ANA_1012B045-002,Female,Standard,ANA_1012B042-020,ANA_1012B045-405,ANA_1012B043-402,
ANA_1012B045-020,Female,Standard,ANA_1012B042-020,ANA_1012B045-020,ANA_1012B043-402,
ANA_1012B045-020,Female,Standard,ANA_1012B042-020,ANA_1012B045-020,ANA_1012B044-402,
ANA_1012B045-100,Female,Standard,ANA_1012B042-020,ANA_1012B045-100,ANA_1012B044-402,
ANA_1012B045-100,Female,Standard,ANA_1012B042-020,ANA_1012B045-100,ANA_1012B043-402,
ANA_1012B045-100,Female,Standard,ANA_1012B042-020,ANA_1012B045-405,ANA_1012B043-402,
ANA_1012B045-100,Female,Standard,ANA_1012B042-020,ANA_1012B045-405,ANA_1012B044-402,
ANA_1012B045-300,Female,Standard,ANA_1012B042-020,ANA_1012B045-300,ANA_1012B043-402,
ANA_1012B045-300,Female,Standard,ANA_1012B042-020,ANA_1012B045-300,ANA_1012B044-402,
ANA_1012B045-401,Female,Standard,ANA_1012B042-020,ANA_1012B045-401,ANA_1012B043-402,
ANA_1012B045-401,Female,Standard,ANA_1012B042-020,ANA_1012B045-401,ANA_1012B044-402,
ANA_1012B045-401,Female,Standard,ANA_1012B042-020,ANA_1012B045-405,ANA_1012B043-402,
ANA_1012B045-401,Female,Standard,ANA_1012B042-020,ANA_1012B045-405,ANA_1012B044-402,
ANA_1012B045-402,Female,Standard,ANA_1012B042-020,ANA_1012B045-402,ANA_1012B043-402,
ANA_1012B045-402,Female,Standard,ANA_1012B042-020,ANA_1012B045-402,ANA_1012B044-402,
ANA_1012B045-403,Female,Standard,ANA_1012B042-020,ANA_1012B045-403,ANA_1012B043-402,
ANA_1012B045-403,Female,Standard,ANA_1012B042-020,ANA_1012B045-403,ANA_1012B044-402,
ANA_1012B045-403,Female,Standard,ANA_1012B042-020,ANA_1012B045-405,ANA_1012B044-402,
ANA_1012B045-403,Female,Standard,ANA_1012B042-020,ANA_1012B045-405,ANA_1012B043-402,
ANA_1012B045-405,Female,Standard,ANA_1012B042-020,ANA_1012B045-405,ANA_1012B043-402,
ANA_1012B045-405,Female,Standard,ANA_1012B042-020,ANA_1012B045-405,ANA_1012B044-402,
ANA_1012B045-405,Female,Standard,ANA_1012B042-020,ANA_1012B045-405,ANA_1012B043-402,
ANA_1012B045-405,Female,Standard,ANA_1012B042-020,ANA_1012B045-405,ANA_1012B044-402,
ANA_1012B045-500,Female,Standard,ANA_1012B042-020,ANA_1012B045-500,ANA_1012B044-500,
ANA_1012B045-500,Female,Standard,ANA_1012B042-020,ANA_1012B045-405,ANA_1012B044-402,
ANA_1012B045-500,Female,Standard,ANA_1012B042-020,ANA_1012B045-405,ANA_1012B043-402,
ANA_1012B045-700,Female,Standard,ANA_1012B042-020,ANA_1012B045-700,ANA_1012B044-402,
ANA_1012B045-700,Female,Standard,ANA_1012B042-020,ANA_1012B045-700,ANA_1012B043-402,
ANA_1012B045-700,Female,Standard,ANA_1012B042-020,ANA_1012B045-405,ANA_1012B044-402,
ANA_1012B045-700,Female,Standard,ANA_1012B042-020,ANA_1012B045-405,ANA_1012B043-402,
ANA_1012B045-701,Female,Standard,ANA_1012B042-020,ANA_1012B045-405,ANA_1012B044-402,
ANA_1012B045-701,Female,Standard,ANA_1012B042-020,ANA_1012B045-405,ANA_1012B043-402,
ANA_1012B045-701,Female,Standard,ANA_1012B042-020,ANA_1012B045-701,ANA_1012B044-402,
ANA_1012B045-701,Female,Standard,ANA_1012B042-020,ANA_1012B045-701,ANA_1012B043-402,
ANA_1012B045-702,Female,Standard,ANA_1012B042-020,ANA_1012B045-405,ANA_1012B044-402,
ANA_1012B045-702,Female,Standard,ANA_1012B042-020,ANA_1012B045-405,ANA_1012B043-402,
ANA_1012B045-702,Female,Standard,ANA_1012B042-020,ANA_1012B045-702,ANA_1012B044-402,
ANA_1012B045-702,Female,Standard,ANA_1012B042-020,ANA_1012B045-702,ANA_1012B043-402,
ANA_1012B045-703,Female,Standard,ANA_1012B042-020,ANA_1012B045-405,ANA_1012B043-402,
ANA_1012B045-703,Female,Standard,ANA_1012B042-020,ANA_1012B045-405,ANA_1012B044-402,
ANA_1012B045-703,Female,Standard,ANA_1012B042-020,ANA_1012B045-703,ANA_1012B043-402,
ANA_1012B045-703,Female,Standard,ANA_1012B042-020,ANA_1012B045-703,ANA_1012B044-402,
ANA_1012B046-001,Female,Wide,ANA_1012B048-003,ANA_1012B047-001,ANA_1012B046-001,
ANA_1012B046-001,Female,Wide,ANA_1012B048-003,ANA_1012B047-021,ANA_1012B046-021,
ANA_1012B046-003,Female,Wide,ANA_1012B048-003,ANA_1012B047-003,ANA_1012B046-003,
ANA_1012B046-003,Female,Wide,ANA_1012B048-003,ANA_1012B047-021,ANA_1012B046-021,
ANA_1012B046-021,Female,Wide,ANA_1012B048-003,ANA_1012B047-021,ANA_1012B046-021,
ANA_1012B046-021,Female,Wide,ANA_1012B048-003,ANA_1012B047-021,ANA_1012B046-021,
ANA_1012B046-401,Female,Wide,ANA_1012B048-003,ANA_1012B047-401,ANA_1012B046-401,
ANA_1012B046-401,Female,Wide,ANA_1012B048-003,ANA_1012B047-021,ANA_1012B046-021,
ANA_1012B046-402,Female,Wide,ANA_1012B048-003,ANA_1012B047-402,ANA_1012B046-402,
ANA_1012B046-402,Female,Wide,ANA_1012B048-003,ANA_1012B047-021,ANA_1012B046-021,
ANA_1012B046-700,Female,Wide,ANA_1012B048-003,ANA_1012B047-700,ANA_1012B046-700,
ANA_1012B046-702,Female,Wide,ANA_1012B048-003,ANA_1012B047-702,ANA_1012B046-702,
ANA_1012B046-702,Female,Wide,ANA_1012B048-003,ANA_1012B047-021,ANA_1012B046-021,
ANA_1012B047-001,Female,Standard,ANA_1012B048-003,ANA_1012B047-001,ANA_1012B046-001,
ANA_1012B047-001,Female,Standard,ANA_1012B048-003,ANA_1012B047-021,ANA_1012B046-021,
ANA_1012B047-002,Female,Standard,ANA_1012B048-003,ANA_1012B047-002,ANA_1012B046-021,
ANA_1012B047-002,Female,Standard,ANA_1012B048-003,ANA_1012B047-021,ANA_1012B046-021,
ANA_1012B047-003,Female,Standard,ANA_1012B048-003,ANA_1012B047-003,ANA_1012B046-003,
ANA_1012B047-003,Female,Standard,ANA_1012B048-003,ANA_1012B047-021,ANA_1012B046-021,
ANA_1012B047-004,Female,Standard,ANA_1012B048-003,ANA_1012B047-004,ANA_1012B046-021,
ANA_1012B047-004,Female,Standard,ANA_1012B048-003,ANA_1012B047-021,ANA_1012B046-021,
ANA_1012B047-020,Female,Standard,ANA_1012B048-003,ANA_1012B047-020,ANA_1012B046-020,
ANA_1012B047-020,Female,Standard,ANA_1012B048-003,ANA_1012B047-021,ANA_1012B046-021,
ANA_1012B047-021,Female,Standard,ANA_1012B048-003,ANA_1012B047-021,ANA_1012B046-021,
ANA_1012B047-021,Female,Standard,ANA_1012B048-003,ANA_1012B047-021,ANA_1012B046-021,
ANA_1012B047-100,Female,Standard,ANA_1012B048-003,ANA_1012B047-100,ANA_1012B046-021,
ANA_1012B047-100,Female,Standard,ANA_1012B048-003,ANA_1012B047-021,ANA_1012B046-021,
ANA_1012B047-401,Female,Standard,ANA_1012B048-003,ANA_1012B047-401,ANA_1012B046-401,
ANA_1012B047-401,Female,Standard,ANA_1012B048-003,ANA_1012B047-021,ANA_1012B046-021,
ANA_1012B047-402,Female,Standard,ANA_1012B048-003,ANA_1012B047-402,ANA_1012B046-402,
ANA_1012B047-402,Female,Standard,ANA_1012B048-003,ANA_1012B047-021,ANA_1012B046-021,
ANA_1012B047-600,Female,Standard,ANA_1012B048-003,ANA_1012B047-600,ANA_1012B046-021,
ANA_1012B047-600,Female,Standard,ANA_1012B048-003,ANA_1012B047-021,ANA_1012B046-021,
ANA_1012B047-700,Female,Standard,ANA_1012B048-003,ANA_1012B047-700,ANA_1012B046-700,
ANA_1012B047-700,Female,Standard,ANA_1012B048-003,ANA_1012B047-021,ANA_1012B046-021,
ANA_1012B047-701,Female,Standard,ANA_1012B048-003,ANA_1012B047-701,ANA_1012B046-021,
ANA_1012B047-701,Female,Standard,ANA_1012B048-003,ANA_1012B047-021,ANA_1012B046-021,
ANA_1012B047-702,Female,Standard,ANA_1012B048-003,ANA_1012B047-702,ANA_1012B046-702,
ANA_1012B047-702,Female,Standard,ANA_1012B048-003,ANA_1012B047-021,ANA_1012B046-021,
ANA_1012B048-003,Female,Narrow,ANA_1012B048-003,ANA_1012B047-003,ANA_1012B046-003,
ANA_1012B048-003,Female,Narrow,ANA_1012B048-003,ANA_1012B047-021,ANA_1012B046-021,
ANA_1012B085-101,Female,Standard,,ANA_1012B085-101,ANA_1012A915-403,
ANA_1012B085-101,Female,Standard,,ANA_1012B085-101,ANA_1012A915-403,
ANA_1012B085-406,Female,Standard,,ANA_1012B085-406,ANA_1012A915-403,
ANA_1012B085-406,Female,Standard,,ANA_1012B085-101,ANA_1012A915-403,
ANA_1012B159-960,Female,Standard,,ANA_1012B159-960,ANA_1012A889-003,
ANA_1012B159-960,Female,Standard,,ANA_1012A888-100,ANA_1012A889-003,
ANA_1012B182-001,Female,Standard,,ANA_1012B281-100,ANA_1012B183-002,
ANA_1012B182-002,Female,Standard,,ANA_1012B182-002,ANA_1012B183-002,
ANA_1012B182-002,Female,Standard,,ANA_1012B281-100,ANA_1012B183-002,
ANA_1012B182-008,Female,Standard,,ANA_1012B182-008,ANA_1012B183-002,
ANA_1012B182-008,Female,Standard,,ANA_1012B281-100,ANA_1012B183-002,
ANA_1012B182-021,Female,Standard,,ANA_1012B182-021,ANA_1012B183-002,
ANA_1012B182-021,Female,Standard,,ANA_1012B281-100,ANA_1012B183-002,
ANA_1012B182-028,Female,Standard,,ANA_1012B182-028,ANA_1012B183-028,
ANA_1012B182-100,Female,Standard,,ANA_1012B182-100,ANA_1012B183-002,
ANA_1012B182-100,Female,Standard,,ANA_1012B281-100,ANA_1012B183-002,
ANA_1012B182-104,Female,Standard,,ANA_1012B182-104,ANA_1012B183-002,
ANA_1012B182-104,Female,Standard,,ANA_1012B281-100,ANA_1012B183-002,
ANA_1012B182-300,Female,Standard,,ANA_1012B182-300,ANA_1012B183-002,
ANA_1012B182-300,Female,Standard,,ANA_1012B281-100,ANA_1012B183-002,
ANA_1012B182-400,Female,Standard,,ANA_1012B182-400,ANA_1012B183-400,
ANA_1012B182-400,Female,Standard,,ANA_1012B281-100,ANA_1012B183-002,
ANA_1012B182-404,Female,Standard,,ANA_1012B182-404,ANA_1012B183-002,
ANA_1012B182-404,Female,Standard,,ANA_1012B281-100,ANA_1012B183-002,
ANA_1012B182-600,Female,Standard,,ANA_1012B182-600,ANA_1012B183-002,
ANA_1012B182-700,Female,Standard,,ANA_1012B182-700,ANA_1012B183-002,
ANA_1012B182-700,Female,Standard,,ANA_1012B281-100,ANA_1012B183-002,
ANA_1012B183-002,Female,Wide,,ANA_1012B182-002,ANA_1012B183-002,
ANA_1012B183-002,Female,Wide,,ANA_1012B281-100,ANA_1012B183-002,
ANA_1012B183-028,Female,Wide,,ANA_1012B182-028,ANA_1012B183-028,
ANA_1012B183-028,Female,Wide,,ANA_1012B281-100,ANA_1012B183-002,
ANA_1012B183-400,Female,Wide,,ANA_1012B182-400,ANA_1012B183-400,
ANA_1012B196-003,Female,Wide,,ANA_1012B197-003,ANA_1012B196-003,
ANA_1012B196-101,Female,Wide,,ANA_1012B197-101,ANA_1012B196-101,
ANA_1012B196-400,Female,Wide,,ANA_1012B197-400,ANA_1012B196-400,
ANA_1012B197-001,Female,Standard,,ANA_1012B197-001,ANA_1012B196-001,
ANA_1012B197-002,Female,Standard,,ANA_1012B282-001,ANA_1012B196-101,
ANA_1012B197-002,Female,Standard,,ANA_1012B197-002,ANA_1012B196-002,
ANA_1012B197-021,Female,Standard,,ANA_1012B197-021,ANA_1012B196-101,
ANA_1012B197-021,Female,Standard,,ANA_1012B282-001,ANA_1012B196-101,
ANA_1012B197-101,Female,Standard,,ANA_1012B197-101,ANA_1012B196-101,
ANA_1012B197-300,Female,Standard,,ANA_1012B197-300,ANA_1012B196-101,
ANA_1012B197-400,Female,Standard,,ANA_1012B197-400,ANA_1012B196-400,
ANA_1012B197-401,Female,Standard,,ANA_1012B197-401,ANA_1012B196-101,
ANA_1012B197-601,Female,Standard,,ANA_1012B197-601,ANA_1012B196-101,
ANA_1012B199-001,Female,Wide,,ANA_1012B284-100,ANA_1012B199-001,
ANA_1012B199-001,Female,Wide,,ANA_1012B284-100,ANA_1012B199-021,
ANA_1012B199-002,Female,Wide,,ANA_1012B201-002,ANA_1012B199-002,
ANA_1012B199-002,Female,Wide,,ANA_1012B284-100,ANA_1012B199-021,
ANA_1012B199-004,Female,Wide,,ANA_1012B284-100,ANA_1012B199-021,
ANA_1012B199-021,Female,Wide,,ANA_1012B201-021,ANA_1012B199-021,
ANA_1012B199-021,Female,Wide,,ANA_1012B284-100,ANA_1012B199-021,
ANA_1012B199-300,Female,Wide,,ANA_1012B201-300,ANA_1012B199-300,
ANA_1012B199-400,Female,Wide,,ANA_1012B201-400,ANA_1012B199-400,
ANA_1012B199-400,Female,Wide,,ANA_1012B284-100,ANA_1012B199-021,
ANA_1012B199-401,Female,Wide,,ANA_1012B284-100,ANA_1012B199-401,
ANA_1012B201-001,Female,Standard,,ANA_1012B201-001,ANA_1012B199-021,
ANA_1012B201-001,Female,Standard,,ANA_1012B284-100,ANA_1012B199-021,
ANA_1012B201-002,Female,Standard,,ANA_1012B201-002,ANA_1012B199-002,
ANA_1012B201-002,Female,Standard,,ANA_1012B284-100,ANA_1012B199-021,
ANA_1012B201-003,Female,Standard,,ANA_1012B201-003,ANA_1012B199-021,
ANA_1012B201-003,Female,Standard,,ANA_1012B284-100,ANA_1012B199-021,
ANA_1012B201-004,Female,Standard,,ANA_1012B201-004,ANA_1012B199-004,
ANA_1012B201-005,Female,Standard,,ANA_1012B201-005,ANA_1012B199-021,
ANA_1012B201-005,Female,Standard,,ANA_1012B284-100,ANA_1012B199-021,
ANA_1012B201-020,Female,Standard,,ANA_1012B201-020,ANA_1012B199-020,
ANA_1012B201-020,Female,Standard,,ANA_1012B284-100,ANA_1012B199-021,
ANA_1012B201-021,Female,Standard,,ANA_1012B201-021,ANA_1012B199-021,
ANA_1012B201-021,Female,Standard,,ANA_1012B284-100,ANA_1012B199-021,
ANA_1012B201-022,Female,Standard,,ANA_1012B201-022,ANA_1012B199-021,
ANA_1012B201-022,Female,Standard,,ANA_1012B284-100,ANA_1012B199-021,
ANA_1012B201-100,Female,Standard,,ANA_1012B201-100,ANA_1012B199-021,
ANA_1012B201-100,Female,Standard,,ANA_1012B284-100,ANA_1012B199-021,
ANA_1012B201-101,Female,Standard,,ANA_1012B201-101,ANA_1012B199-021,
ANA_1012B201-101,Female,Standard,,ANA_1012B284-100,ANA_1012B199-021,
ANA_1012B201-102,Female,Standard,,ANA_1012B201-102,ANA_1012B199-021,
ANA_1012B201-102,Female,Standard,,ANA_1012B284-100,ANA_1012B199-021,
ANA_1012B201-300,Female,Standard,,ANA_1012B201-300,ANA_1012B199-300,
ANA_1012B201-300,Female,Standard,,ANA_1012B284-100,ANA_1012B199-021,
ANA_1012B201-400,Female,Standard,,ANA_1012B284-100,ANA_1012B199-021,
ANA_1012B201-400,Female,Standard,,ANA_1012B201-400,ANA_1012B199-400,
ANA_1012B201-500,Female,Standard,,ANA_1012B201-500,ANA_1012B199-021,
ANA_1012B201-600,Female,Standard,,ANA_1012B201-600,ANA_1012B199-021,
ANA_1012B201-600,Female,Standard,,ANA_1012B284-100,ANA_1012B199-021,
ANA_1012B201-700,Female,Standard,,ANA_1012B201-700,ANA_1012B199-021,
ANA_1012B201-700,Female,Standard,,ANA_1012B284-100,ANA_1012B199-021,
ANA_1012B205-021,Female,Wide,ANA_1012B207-020,ANA_1012B206-021,ANA_1012B205-021,
ANA_1012B206-001,Female,Standard,ANA_1012B207-020,ANA_1012B206-100,ANA_1012B205-021,
ANA_1012B206-001,Female,Standard,ANA_1012B207-020,ANA_1012B206-001,ANA_1012B205-021,
ANA_1012B206-002,Female,Standard,ANA_1012B207-020,ANA_1012B206-100,ANA_1012B205-021,
ANA_1012B206-002,Female,Standard,ANA_1012B207-020,ANA_1012B206-002,ANA_1012B205-021,
ANA_1012B206-020,Female,Standard,ANA_1012B207-020,ANA_1012B206-020,ANA_1012B205-020,
ANA_1012B206-020,Female,Standard,ANA_1012B207-020,ANA_1012B206-100,ANA_1012B205-021,
ANA_1012B206-021,Female,Standard,ANA_1012B207-020,ANA_1012B206-021,ANA_1012B205-021,
ANA_1012B206-021,Female,Standard,ANA_1012B207-020,ANA_1012B206-100,ANA_1012B205-021,
ANA_1012B206-022,Female,Standard,ANA_1012B207-020,ANA_1012B206-022,ANA_1012B205-021,
ANA_1012B206-023,Female,Standard,ANA_1012B207-020,ANA_1012B206-023,ANA_1012B205-021,
ANA_1012B206-023,Female,Standard,ANA_1012B207-020,ANA_1012B206-100,ANA_1012B205-021,
ANA_1012B206-100,Female,Standard,ANA_1012B207-020,ANA_1012B206-100,ANA_1012B205-021,
ANA_1012B206-100,Female,Standard,ANA_1012B207-020,ANA_1012B206-100,ANA_1012B205-021,
ANA_1012B206-300,Female,Standard,ANA_1012B207-020,ANA_1012B206-300,ANA_1012B205-300,
ANA_1012B206-300,Female,Standard,ANA_1012B207-020,ANA_1012B206-100,ANA_1012B205-021,
ANA_1012B206-700,Female,Standard,ANA_1012B207-020,ANA_1012B206-700,ANA_1012B205-021,
ANA_1012B206-750,Female,Standard,ANA_1012B207-020,ANA_1012B206-750,ANA_1012B205-021,
ANA_1012B206-750,Female,Standard,ANA_1012B207-020,ANA_1012B206-100,ANA_1012B205-021,
ANA_1012B207-020,Female,Narrow,ANA_1012B207-020,ANA_1012B206-100,ANA_1012B205-021,
ANA_1012B214-100,Female,Standard,,ANA_1012B214-100,ANA_1012A915-403,
ANA_1012B228-400,Female,Standard,,ANA_1012B228-400,ANA_1012A910-022,
ANA_1012B230-020,Female,Standard,,ANA_1012B230-020,ANA_1012B231-020,
ANA_1012B231-400,Female,Wide,,ANA_1012B230-400,ANA_1012B231-400,
ANA_1012B256-400,Female,Standard,ANA_1012B048-003,ANA_1012B256-400,ANA_1012B046-021,
ANA_1012B257-100,Female,Standard,ANA_1012B048-003,ANA_1012B257-100,ANA_1012B046-021,
ANA_1012B264-020,Female,Standard,ANA_1012B042-020,ANA_1012B264-020,ANA_1012B044-402,
ANA_1012B264-020,Female,Standard,ANA_1012B042-020,ANA_1012B264-020,ANA_1012B043-402,
ANA_1012B272-001,Female,Standard,,ANA_1012B272-001,ANA_1012B297-020,
ANA_1012B272-001,Female,Standard,,ANA_1012B272-003,ANA_1012B297-020,
ANA_1012B272-002,Female,Standard,,ANA_1012B272-003,ANA_1012B297-020,
ANA_1012B272-002,Female,Standard,,ANA_1012B272-002,ANA_1012B297-002,
ANA_1012B272-003,Female,Standard,,ANA_1012B272-003,ANA_1012B297-003,
ANA_1012B272-003,Female,Standard,,ANA_1012B272-003,ANA_1012B297-020,
ANA_1012B272-020,Female,Standard,,ANA_1012B272-020,ANA_1012B297-020,
ANA_1012B272-020,Female,Standard,,ANA_1012B272-003,ANA_1012B297-020,
ANA_1012B272-021,Female,Standard,,ANA_1012B272-021,ANA_1012B297-020,
ANA_1012B272-021,Female,Standard,,ANA_1012B272-003,ANA_1012B297-020,
ANA_1012B272-022,Female,Standard,,ANA_1012B272-022,ANA_1012B297-020,
ANA_1012B272-022,Female,Standard,,ANA_1012B272-003,ANA_1012B297-020,
ANA_1012B272-100,Female,Standard,,ANA_1012B272-100,ANA_1012B297-020,
ANA_1012B272-100,Female,Standard,,ANA_1012B272-003,ANA_1012B297-020,
ANA_1012B272-400,Female,Standard,,ANA_1012B272-400,ANA_1012B297-400,
ANA_1012B272-400,Female,Standard,,ANA_1012B272-003,ANA_1012B297-020,
ANA_1012B272-401,Female,Standard,,ANA_1012B272-401,ANA_1012B297-020,
ANA_1012B272-401,Female,Standard,,ANA_1012B272-003,ANA_1012B297-020,
ANA_1012B272-500,Female,Standard,,ANA_1012B272-500,ANA_1012B297-020,
ANA_1012B272-700,Female,Standard,,ANA_1012B272-700,ANA_1012B297-020,
ANA_1012B272-700,Female,Standard,,ANA_1012B272-003,ANA_1012B297-020,
ANA_1012B275-400,Female,Standard,ANA_1012B048-003,ANA_1012B275-400,ANA_1012B046-021,
ANA_1012B275-400,Female,Standard,ANA_1012B048-003,ANA_1012B047-021,ANA_1012B046-021,
ANA_1012B281-100,Female,Standard,,ANA_1012B281-100,ANA_1012B183-002,
ANA_1012B281-100,Female,Standard,,ANA_1012B281-100,ANA_1012B183-002,
ANA_1012B282-001,Female,Standard,,ANA_1012B282-001,ANA_1012B196-101,
ANA_1012B282-001,Female,Standard,,ANA_1012B282-001,ANA_1012B196-101,
ANA_1012B284-100,Female,Standard,,ANA_1012B284-100,ANA_1012B199-021,
ANA_1012B284-100,Female,Standard,,ANA_1012B284-100,ANA_1012B199-021,
ANA_1012B297-002,Female,Wide,,ANA_1012B272-003,ANA_1012B297-020,
ANA_1012B297-002,Female,Wide,,ANA_1012B272-002,ANA_1012B297-002,
ANA_1012B297-003,Female,Wide,,ANA_1012B272-003,ANA_1012B297-003,
ANA_1012B297-003,Female,Wide,,ANA_1012B272-003,ANA_1012B297-020,
ANA_1012B297-020,Female,Wide,,ANA_1012B272-020,ANA_1012B297-020,
ANA_1012B297-020,Female,Wide,,ANA_1012B272-003,ANA_1012B297-020,
ANA_1012B297-400,Female,Wide,,ANA_1012B272-400,ANA_1012B297-400,
ANA_1041A079-100,Male,Standard,,ANA_1041A079-100,ANA_1041A113-405,
ANA_1041A079-100,Male,Standard,,ANA_1041A345-960,ANA_1041A113-405,
ANA_1041A079-100,Male,Standard,,ANA_1041A079-405,ANA_1041A113-405,
ANA_1041A079-300,Male,Standard,,ANA_1041A079-300,ANA_1041A113-405,
ANA_1041A079-300,Male,Standard,,ANA_1041A079-405,ANA_1041A113-405,
ANA_1041A079-300,Male,Standard,,ANA_1041A345-960,ANA_1041A113-405,
ANA_1041A079-405,Male,Standard,,ANA_1041A079-405,ANA_1041A113-405,
ANA_1041A079-405,Male,Standard,,ANA_1041A345-960,ANA_1041A113-405,
ANA_1041A079-405,Male,Standard,,ANA_1041A079-405,ANA_1041A113-405,
ANA_1041A079-500,Male,Standard,,ANA_1041A079-500,ANA_1041A113-405,
ANA_1041A079-601,Male,Standard,,ANA_1041A345-960,ANA_1041A113-405,
ANA_1041A079-601,Male,Standard,,ANA_1041A079-405,ANA_1041A113-405,
ANA_1041A113-404,Male,Wide,,ANA_1041A345-960,ANA_1041A113-405,
ANA_1041A113-404,Male,Wide,,ANA_1041A079-405,ANA_1041A113-405,
ANA_1041A113-405,Male,Wide,,ANA_1041A079-405,ANA_1041A113-405,
ANA_1041A113-405,Male,Wide,,ANA_1041A345-960,ANA_1041A113-405,
ANA_1041A113-405,Male,Wide,,ANA_1041A079-405,ANA_1041A113-405,
ANA_1041A345-960,Male,Standard,,ANA_1041A345-960,ANA_1041A113-405,
ANA_1042A072-101,Female,Standard,,ANA_1042A072-101,ANA_1042A097-406,
ANA_1042A072-101,Female,Standard,,ANA_1042A072-407,ANA_1042A097-406,
ANA_1042A072-107,Female,Standard,,ANA_1042A072-107,ANA_1042A097-406,
ANA_1042A072-404,Female,Standard,,ANA_1042A072-404,ANA_1042A097-406,
ANA_1042A072-404,Female,Standard,,ANA_1042A072-407,ANA_1042A097-406,
ANA_1042A072-407,Female,Standard,,ANA_1042A072-407,ANA_1042A097-407,
ANA_1042A072-407,Female,Standard,,ANA_1042A072-407,ANA_1042A097-406,
ANA_1042A072-408,Female,Standard,,ANA_1042A072-408,ANA_1042A097-406,
ANA_1042A072-408,Female,Standard,,ANA_1042A072-407,ANA_1042A097-406,
ANA_1042A097-406,Female,Wide,,ANA_1042A072-407,ANA_1042A097-406,
ANA_1042A097-406,Female,Wide,,ANA_1042A072-407,ANA_1042A097-406,
ANA_1071A054-002,Male,Standard,,ANA_1071A054-002,ANA_1071A081-406,
ANA_1071A054-002,Male,Standard,,ANA_1071A054-407,ANA_1071A081-406,
ANA_1071A054-009,Male,Standard,,ANA_1071A054-009,ANA_1071A081-406,
ANA_1071A054-009,Male,Standard,,ANA_1071A054-407,ANA_1071A081-406,
ANA_1071A054-012,Male,Standard,,ANA_1071A054-012,ANA_1071A081-406,
ANA_1071A054-012,Male,Standard,,ANA_1071A054-407,ANA_1071A081-406,
ANA_1071A054-107,Male,Standard,,ANA_1071A054-107,ANA_1071A081-406,
ANA_1071A054-107,Male,Standard,,ANA_1071A054-407,ANA_1071A081-406,
ANA_1071A054-406,Male,Standard,,ANA_1071A054-406,ANA_1071A081-406,
ANA_1071A054-407,Male,Standard,,ANA_1071A054-407,ANA_1071A081-406,
ANA_1071A054-407,Male,Standard,,ANA_1071A054-407,ANA_1071A081-406,
ANA_1071A081-406,Male,Wide,,ANA_1071A054-406,ANA_1071A081-406,
ANA_1071A081-406,Male,Wide,,ANA_1071A054-407,ANA_1071A081-406,